<?xml version="1.0" encoding="utf-8"?>
<edmx:Edmx Version="3.0" xmlns:edmx="http://schemas.microsoft.com/ado/2009/11/edmx">
 <!-- EF Designer content (DO NOT EDIT MANUALLY BELOW HERE) -->
  <edmx:Designer xmlns="http://schemas.microsoft.com/ado/2009/11/edmx">
    <!-- Diagram content (shape and connector positions) -->
    <edmx:Diagrams>
      <Diagram DiagramId="fad4728457104ee4b46f202fb2220feb" Name="Diagram1">
        <EntityTypeShape EntityType="GoatWeightTrackerModel.activity" Width="1.5" PointX="7.5" PointY="4" IsExpanded="true" />
        <EntityTypeShape EntityType="GoatWeightTrackerModel.animal" Width="1.5" PointX="5.25" PointY="5.5" IsExpanded="true" />
        <EntityTypeShape EntityType="GoatWeightTrackerModel.animal_species" Width="1.5" PointX="3" PointY="3.125" IsExpanded="true" />
        <EntityTypeShape EntityType="GoatWeightTrackerModel.booking_log" Width="1.5" PointX="9.75" PointY="7.375" IsExpanded="true" />
        <EntityTypeShape EntityType="GoatWeightTrackerModel.daily_calori_burn" Width="1.5" PointX="12" PointY="7.75" IsExpanded="true" />
        <EntityTypeShape EntityType="GoatWeightTrackerModel.daily_food" Width="1.5" PointX="12" PointY="4.75" IsExpanded="true" />
        <EntityTypeShape EntityType="GoatWeightTrackerModel.daily_measurement" Width="1.5" PointX="12" PointY="13.5" IsExpanded="true" />
        <EntityTypeShape EntityType="GoatWeightTrackerModel.exercise" Width="1.5" PointX="9.75" PointY="11.75" IsExpanded="true" />
        <EntityTypeShape EntityType="GoatWeightTrackerModel.meal" Width="1.5" PointX="9.75" PointY="3.875" IsExpanded="true" />
        <EntityTypeShape EntityType="GoatWeightTrackerModel.organization" Width="1.5" PointX="3" PointY="5.875" IsExpanded="true" />
        <EntityTypeShape EntityType="GoatWeightTrackerModel.organizationType" Width="1.5" PointX="0.75" PointY="6.25" IsExpanded="true" />
        <EntityTypeShape EntityType="GoatWeightTrackerModel.process_observation" Width="1.5" PointX="7.5" PointY="7.375" IsExpanded="true" />
        <EntityTypeShape EntityType="GoatWeightTrackerModel.staff" Width="1.5" PointX="5.25" PointY="9.75" IsExpanded="true" />
        <AssociationConnector Association="GoatWeightTrackerModel.FK_activity" ManuallyRouted="false" />
        <AssociationConnector Association="GoatWeightTrackerModel.FK_animal_species" ManuallyRouted="false" />
        <AssociationConnector Association="GoatWeightTrackerModel.FK_animalID" ManuallyRouted="false" />
        <AssociationConnector Association="GoatWeightTrackerModel.FK_organization" ManuallyRouted="false" />
        <AssociationConnector Association="GoatWeightTrackerModel.FK_daylog" ManuallyRouted="false" />
        <AssociationConnector Association="GoatWeightTrackerModel.FK_dlog" ManuallyRouted="false" />
        <AssociationConnector Association="GoatWeightTrackerModel.FK_log" ManuallyRouted="false" />
        <AssociationConnector Association="GoatWeightTrackerModel.FK_process_observation" ManuallyRouted="false" />
        <AssociationConnector Association="GoatWeightTrackerModel.FK_excers" ManuallyRouted="false" />
        <AssociationConnector Association="GoatWeightTrackerModel.FK_meal" ManuallyRouted="false" />
        <AssociationConnector Association="GoatWeightTrackerModel.FK_organization_type" ManuallyRouted="false" />
        <AssociationConnector Association="GoatWeightTrackerModel.FK_staff" ManuallyRouted="false" />
        <AssociationConnector Association="GoatWeightTrackerModel.FK_staff_process_observation" ManuallyRouted="false" />
      </Diagram>
    </edmx:Diagrams>
  </edmx:Designer>
</edmx:Edmx>